Time,V1,V2,V3,V4,V5,V6,V7,V8,V9,V10,V11,V12,V13,V14,V15,V16,V17,V18,V19,V20,V21,V22,V23,V24,V25,V26,V27,V28,Amount
129588.0,1.940458746,-0.856195244,-1.350665853,-0.769439746,1.428500337,4.02157252,-1.521768775,1.136225337,1.220112395,-0.007624523,-0.101834868,0.38929667,0.089458678,-0.13657443,1.181270967,0.588168997,-0.722829364,-0.102557957,-0.439729494,-0.07494478,0.038396546,0.128855928,0.349833741,0.730630786,-0.563443765,0.50099518,0.005507552,-0.042417795,19.5
116572.0,-0.060301854,1.065093223,-0.987420659,-0.029566926,0.176375675,-1.348538738,0.775644269,0.134843223,-0.149734361,-1.23859783,-0.841133376,-0.586472389,-0.77961956,-0.436671255,0.74787087,0.266437283,0.70323412,0.916719418,-0.189966701,-0.169705934,0.355575901,0.907569765,-0.018454445,-0.126269473,-0.339922557,-0.150285487,-0.023633977,0.042329732,57.0
78271.0,0.323701941,-2.452207636,-0.884308758,-0.010207331,0.575348266,4.367674798,-0.837351874,0.954459113,-0.235813522,0.36625345,-0.937473862,0.139321898,0.251633919,-0.356892002,-0.318067142,-1.31372511,-0.255752303,1.585240348,-0.53011266,0.612043046,-0.283215777,-1.390109275,-0.389623761,0.981680033,0.298997144,-0.494221095,0.004236497,0.123386794,521.99
68207.0,-13.19267096,12.78597064,-9.906650021,3.320336883,-4.801175932,5.760058556,-18.75088916,-37.35344264,-0.391539744,-5.052502367,4.406805524,-4.610756477,-1.90948797,-9.072710934,-0.226074451,-6.211557482,-6.248145353,-3.149246695,0.051576119,-3.493049915,27.20283916,-8.887017141,5.303606904,-0.639434802,0.263203123,-0.10887693,1.269566355,0.939407363,1.0
46925.0,-0.481531151,1.059542277,0.647117403,0.905586234,0.81936824,-0.091183566,0.504134851,0.161064336,-0.765053777,-0.550545348,1.48028602,-0.105359123,-0.804841455,-0.819901849,0.916881766,0.201150539,0.874890632,0.941476679,0.272698476,-0.042515133,0.070632869,0.192490772,-0.174659253,-0.438908073,0.239258997,-0.217823405,-0.072852248,0.010463313,1.0
141320.0,-6.352336911,-2.37033515,-4.875396679,2.335044531,-0.809554897,-0.413647316,-4.082308171,2.239089473,-1.986359505,-5.165330818,2.942939165,-4.125722242,-0.433094395,-3.51813117,0.420777387,-5.104479839,-7.925388998,-3.415706715,0.718332374,0.186898305,1.3252184,1.226744876,-1.485216862,-1.47073226,-0.240053393,0.112972037,0.910590644,-0.650943713,195.66
154657.0,-0.679520574,4.672552752,-6.81479844,7.14350012,0.928653839,-1.873013153,-2.306689021,0.993701928,-4.944054156,-5.576418796,5.783654439,-6.117703911,0.614164841,-12.45149866,0.427152478,-2.255853807,-2.128026554,0.706765029,1.093825798,0.872005531,0.566848532,-0.321691498,-0.281324568,-1.120256038,-0.073394345,0.55353043,0.760541928,0.386741821,0.77
119036.0,1.954820282,-0.185916923,-1.845978305,0.310642046,0.421885055,-0.809946525,0.481854585,-0.324320868,0.277831104,0.109261801,0.617641847,1.146383024,0.213770712,0.614877733,-0.737581006,-0.524248158,-0.511839868,0.185419235,0.335914194,-0.118964271,0.353623588,1.160763322,-0.230754061,-0.312424381,0.561260788,0.05168579,-0.044998619,-0.074648031,56.89
7610.0,0.72564574,2.300894438,-5.329976183,4.007682805,-1.73041059,-1.732192568,-3.968592618,1.063728153,-0.486096552,-4.624984954,5.588723915,-7.148242636,1.680450741,-6.210257747,0.495282118,-3.599540209,-4.830324242,-0.64909012,2.250123249,0.504646226,0.589669127,0.109541319,0.601045277,-0.364700278,-1.843077692,0.351909298,0.594549978,0.099372236,1.0
28692.0,-29.20032859,16.15570143,-30.01371249,6.47673118,-21.22580965,-4.902997397,-19.79124841,19.16832739,-3.617241786,-7.870121943,4.066255073,-5.661492423,1.292950145,-5.079845681,-0.12652274,-5.24447152,-11.27497259,-4.678436529,0.650807371,1.715861824,1.809370933,-2.175815203,-1.365104108,0.17428636,2.103868072,-0.209943999,1.278680971,0.372392714,99.99
125612.0,1.889617914,1.073098534,-1.678017522,4.173268194,1.015515806,-0.009389035,-0.079705604,0.064070822,-0.714516676,0.04222752,-0.408402781,-0.929370066,0.058686317,-3.512845461,-0.164612974,2.069853025,1.733381581,1.580757962,-2.335185376,-0.153570265,0.203727978,0.733795721,-0.036559749,0.334305771,0.147171036,0.279556488,0.031668781,0.035883323,3.22
29531.0,-1.060676284,2.60857947,-2.971679003,4.360089352,3.738853043,-2.728395073,1.987616355,-0.357344707,-2.757534513,-2.335933327,2.111516867,-2.59194965,-1.950589355,-7.311579817,0.077752766,2.290607832,6.50927165,2.569971426,-3.286150082,-0.089061537,-0.063167877,-0.207385284,-0.183260817,-0.103679373,0.896178353,0.407386872,-0.130918311,0.192177382,0.68
66406.0,1.283480812,1.353022644,-1.776374415,1.521758237,1.158814076,-1.525205067,0.826378185,-0.40562047,-0.547825584,-1.575757203,0.527918044,-0.170487347,0.84161376,-3.585976062,1.009456402,1.139082856,2.475312932,1.386221573,-0.656027511,0.036770935,-0.232948297,-0.523908758,-0.280757006,-0.415167292,0.954291116,-0.266291521,0.045146844,0.093826479,1.0
93860.0,-10.63237491,7.251936229,-17.68107182,8.204144406,-10.16659075,-4.51034377,-12.98160616,6.783588798,-4.659329584,-14.92465477,8.389142335,-16.46550394,0.33851696,-14.2244036,0.556584473,-11.68399804,-15.84161598,-5.753199753,3.813040793,-0.810146482,2.715357044,0.69560269,-1.138122067,0.459442242,0.386337323,0.522438449,-1.416603737,-0.488307036,188.52
130252.0,2.255415266,-1.492639249,-2.897137702,-2.687466452,1.526366061,3.032160578,-1.125134329,0.622149264,-1.910736536,1.669267138,0.025443513,-0.805232785,0.302401051,0.208644108,0.504050722,-0.722782727,0.37396527,-0.549217118,-0.231157616,-0.289857797,-0.290489941,-0.621101139,0.302454351,0.65927062,-0.152725457,-0.296288379,-0.009959691,-0.057181016,52.0
26585.0,-19.85632233,12.09589323,-22.46408275,6.115541102,-15.14802152,-4.346724083,-15.64850747,13.27680481,-3.97416162,-8.859194059,5.730815537,-8.088033512,0.230824969,-8.578973273,0.000946637,-6.947746067,-13.47289701,-4.940210829,1.230142552,1.582929555,1.75072984,-1.409635709,-0.809809278,0.12139666,1.350300071,-0.224291874,1.597621368,0.476919818,99.99
149148.0,-1.502888732,-0.887739932,0.585543712,-0.752828325,2.474226149,-1.770962154,0.032402633,-0.01154372,-0.0531381,-0.76497832,-1.822916485,-0.437192803,-0.605570663,0.315793508,-0.499940589,0.281542851,-0.769633501,-0.39436833,-0.188429787,0.216058129,-0.137966334,-0.911843427,0.123626426,-0.744836161,-0.082501256,0.138790052,-0.020347312,0.152771497,1.98
126959.0,1.795396159,-0.679893445,-2.017148661,0.37352985,0.156961627,-0.647662178,0.356175852,-0.085573054,0.505214978,0.297301443,0.356617706,-0.564137131,-3.155313281,1.247762218,-0.75270943,-0.305375607,-0.087949051,-0.016258237,0.395113742,-0.12922287,0.098182126,-0.004840239,-0.002430193,0.698182288,0.061197548,0.552722088,-0.15015669,-0.065977031,136.0
28726.0,-29.87636551,16.43452455,-30.55869682,6.505861787,-21.6656543,-4.940356329,-20.08139107,19.58777262,-3.591491047,-7.800598208,3.947839717,-5.487911486,1.369940349,-4.829552443,-0.134412095,-5.121162405,-11.11819045,-4.65995587,0.608930081,1.724778838,1.812953975,-2.232251588,-1.412803443,0.17873107,2.156041858,-0.209384624,1.255648901,0.364530453,99.99
92092.0,-1.108478219,3.448952572,-6.216971806,3.021051618,-0.529900932,-2.551375175,-2.001742908,1.092432374,-0.836098369,-4.095648973,2.425950716,-6.067261945,1.83243272,-3.501702516,-1.004008205,-3.501281103,-2.941876324,-1.125741062,0.373714808,-0.068598381,0.825951491,1.14416979,0.208559482,-0.295497424,-0.690232196,-0.364749076,0.22932722,0.208829892,18.0
39411.0,1.321978696,-0.575195466,0.395503411,-0.551812648,-1.172344886,-1.03615164,-0.417695817,-0.228769753,-0.819610106,0.664582859,-0.508754126,-0.234832219,0.160393724,0.12638281,0.994191659,-1.163023023,-0.064971422,0.886025667,-0.768040506,-0.41038949,-0.468704867,-0.977936022,0.113434525,0.396269279,0.077503684,0.901030069,-0.063011119,0.017133129,43.89
61112.0,-0.817836913,0.859583979,1.715419787,-0.536329509,0.456756523,-0.931950155,1.001674271,-0.398503219,-0.042205511,0.119933635,1.575634966,-0.054892696,-1.188840618,-0.510789018,-0.066874336,0.614899625,-0.591916719,0.284902535,-0.517093152,0.051327971,-0.259052407,-0.527169036,-0.099863394,0.454038541,-0.464156722,-0.17906518,-0.287557752,-0.240537106,3.59
146998.0,-2.064239752,2.62973923,-0.748406253,0.69499204,0.418177986,1.392519734,-1.697801219,-6.333064612,1.72418428,-0.887241636,-1.594257792,-0.338775118,-0.978064513,-3.688825995,-1.487083423,0.526946021,2.3470229,1.691220005,-0.736110693,-1.4244862,6.215513991,-1.276908596,0.459861127,-1.051685475,0.20917836,-0.319859445,0.015433869,-0.0501165,8.0
40086.0,1.083692681,1.179501206,-1.346150391,1.998824401,0.818034176,-0.771419408,0.230307373,0.093683131,-0.167594342,-1.959809258,2.80433478,0.312424169,-0.595976467,-4.662576955,-0.29951502,1.001413919,3.902824784,1.619609227,-0.888087464,-0.060158538,-0.311999618,-0.639699711,-0.120249015,-0.180217694,0.609282565,-0.339524442,0.096701291,0.114971916,1.0
142570.0,1.995947394,0.131800267,-1.749395034,1.190378254,0.658598843,-0.596223995,0.536748402,-0.242392422,-0.012933024,0.426883153,0.348616392,0.81596289,-0.399881964,0.73315368,-1.17524841,-0.419650862,-0.515077851,-0.018018064,0.214117771,-0.266947081,0.079581745,0.398302704,-0.070233633,-0.463440177,0.473631478,-0.482762495,-0.021547105,-0.074904873,17.82
27187.0,-24.59024477,14.04456678,-26.27870059,6.320089265,-18.22451267,-4.609967826,-17.68100337,16.21362675,-3.794093469,-8.37275316,4.901682655,-6.872838664,0.769776763,-6.826584487,-0.05443418,-6.084952665,-12.37527053,-4.810344741,0.936742238,1.649202022,1.777062772,-1.804873686,-1.140604569,0.152234466,1.715997024,-0.220471199,1.434950581,0.422491858,99.99
56650.0,-8.762083394,2.791030282,-7.682766857,6.991213965,-5.230695451,-0.357387951,-9.685621456,1.749334945,-4.495678865,-7.864506479,4.77414774,-8.245897882,-1.33349186,-7.974250523,-0.398798947,-7.244340474,-12.76009395,-4.824740223,2.836992995,-0.460389539,-0.090526788,0.348589628,0.05113239,-0.415429872,0.219665266,0.330020365,-0.028251755,-0.156270273,7.52
163300.0,2.055216482,-0.828343116,-2.857252175,-0.644722956,0.492604348,-0.782742203,0.482505619,-0.389004118,-1.21607173,1.192336348,-0.015501002,-0.405873037,-1.188035162,1.112945979,-0.856360041,-1.840371819,-0.20001597,1.475821481,-0.190301792,-0.448565293,-0.043500763,0.149512699,-0.211610646,0.238207562,0.482471619,0.991918149,-0.159419908,-0.084731755,114.98
101597.0,0.913116135,1.145381087,-4.602877933,2.091803374,-0.473223859,-2.085435833,-1.671244032,0.094396586,0.337798765,-4.431809632,4.87197986,-5.395221177,1.332502156,-4.603796692,-0.777313548,-2.571891561,-3.003615305,-0.225441388,0.252273565,0.508984748,0.401415741,-0.084933416,-0.197684434,-0.283271079,0.387597336,-0.553526986,0.516274457,0.270828187,147.87
149829.0,-0.70781156,1.496885319,-1.225252069,-0.580504071,0.703234578,-0.201345568,0.437035646,0.502897574,0.025584462,-0.172370369,0.231285762,-0.245629018,-1.43969847,-0.26028292,-0.550479984,0.488941191,0.396192507,0.639950953,0.668366971,-0.027811568,-0.180086141,-0.568096054,0.258502538,-0.003891518,-1.305472293,0.058637242,0.167858161,0.325919923,10.74
85285.0,-6.713406972,3.921104152,-9.746678217,5.148262549,-5.15156272,-2.099388657,-5.937766832,3.578779604,-4.684951751,-8.537757687,6.348979303,-8.681608932,0.251179385,-11.60800226,-0.351568782,-5.363566433,-11.93909151,-3.58360287,0.897402406,0.135711323,0.954272202,-0.451086449,0.127214424,-0.339449869,0.394095514,1.075295099,1.649905909,-0.394905372,252.92
149582.0,-4.280583832,1.421100007,-3.908228843,2.94294608,-0.076205336,-2.002526,-2.874154733,-0.856005441,0.96367423,-3.235438957,3.341801927,-7.562860429,-1.847443427,-11.57142343,-1.481555842,-6.180918699,-9.285185983,-3.921722141,0.68551086,-0.19896278,-0.140061995,-0.90772022,-0.680107949,-0.349169893,0.056275892,-1.149922669,-1.80988612,0.723051433,1.1
32345.0,-3.217543082,2.453868982,0.450088038,3.513237151,0.825451689,-0.168210651,1.091478136,-0.582235724,-0.186056157,5.233059697,1.394961937,-0.334004206,-0.434946466,-0.467179828,0.198246519,-0.131641615,-0.610046647,0.097706233,0.513840553,0.562991429,-0.41371668,0.286533737,-0.058481313,0.314777719,0.116800261,0.176101178,0.389827386,0.431724168,21.99
152036.0,-4.320609215,3.199938707,-5.799736054,6.502330236,0.378479253,-1.948246371,-2.167859505,-0.728206712,-1.977238317,-3.473410704,4.569193752,-9.321152631,-1.592517651,-14.26683628,0.467776602,-4.066208555,-6.626968177,-1.437158419,-0.215409738,-0.263686068,0.476660425,0.434278328,-0.136939918,-0.620071695,0.642530576,0.280717348,-2.649106749,0.53364094,1.0
124267.0,-1.083994994,1.083092868,2.085600937,2.019707717,1.561198523,0.060076242,1.541419564,-0.361699244,-1.107516721,0.60660122,-1.839291535,-1.281398588,-1.385717216,-0.442458167,-2.236555751,0.706956535,-1.106367166,-0.48320629,-2.499015914,-0.215294905,-0.023824319,0.14282581,-0.629332404,-0.210890997,1.00572713,-0.014895459,-0.523347139,-0.362877665,11.76
55760.0,-6.003421676,-3.930731396,-0.007045455,1.714669183,3.414666602,-2.329582623,-1.90151169,-2.746111091,0.887673208,-0.049232856,-0.153131027,-0.814309846,-1.894795586,-0.831482609,1.387288695,1.188906759,0.536817323,-0.051403214,-1.231385502,-4.128185829,1.101671317,-0.992493707,-0.698258928,0.139897674,-0.205150796,-0.472412263,1.775378057,-0.104284626,311.91
44022.0,0.6477044,-2.503905259,-0.060740897,-1.312332747,-1.619729418,0.400628126,-0.759467728,0.082958915,-1.897992984,1.364073324,0.763015268,-0.655567623,-0.089176675,0.040321018,0.486711001,0.004442563,0.256679362,0.35976613,-0.179584321,0.492383394,-0.086808247,-0.890617758,-0.252644475,-0.724637466,-0.059199652,-0.397580911,-0.029602365,0.081254482,435.7
154352.0,-0.875346865,0.645340252,-1.267786798,-2.343857754,3.491338669,3.080201487,0.72526228,0.78223437,-0.241907611,-1.27389242,-0.018316982,-0.218000854,-0.56265454,-0.824527238,-0.499613837,0.594692535,-0.074062236,-0.476167737,-1.387696268,-0.319979979,-0.269983007,-0.877872339,0.158791289,0.588344737,-0.287529949,-0.034339879,-0.133972544,0.130334679,13.99
81372.0,-0.885254089,1.790649232,-0.945148961,3.853432747,-1.543510075,0.188582114,-2.988382756,1.344058551,-2.294534709,-1.88617599,1.904283593,-4.002414031,-0.936955588,-2.801915423,0.798328053,-2.348739926,-6.426734307,-0.827308425,1.732381758,0.370040521,0.746159905,0.550802012,-0.034882342,-0.567608404,-0.528317953,0.258782457,0.506892695,0.176735549,7.57
35585.0,-2.019000719,1.491269729,0.005221816,0.81725327,0.973252234,-0.639268313,-0.974072997,-3.146928891,-0.003159074,-0.121653218,0.024369606,-1.07381224,-2.002769109,-0.895433621,1.748936301,-0.103527024,2.03119575,0.317598357,0.386760637,-1.029964682,2.839596108,-1.185442841,-0.142811876,-0.086102938,-0.329113254,0.523601226,0.626282771,0.152439938,0.76
166028.0,-0.956390355,2.36159361,-3.171194607,1.970758779,0.474761354,-1.902598204,-0.055177812,0.277831229,-1.745854165,-2.516628002,0.874051625,-2.513104329,0.021575082,-3.565118845,0.461153428,-2.015712746,-1.731413191,-0.465814727,0.527619756,0.190876903,0.473211086,0.719400298,0.122457848,-0.255649852,-0.619259299,-0.484279995,0.683534593,0.443299499,39.9
12597.0,-2.589617198,7.016714385,-13.70540729,10.34322806,-2.954461035,-3.055115785,-9.301288615,3.349573361,-5.654212026,-11.85386697,11.66920474,-17.22866224,0.055571566,-18.49377336,-0.304172114,-10.62949739,-14.44121113,-5.105486466,1.270226271,1.488855192,1.887737726,0.333998185,0.287659041,-1.186406409,-0.69027267,0.631703772,1.93422076,0.789687172,1.0
41194.0,-7.896886153,5.381019523,-8.451161615,7.963928087,-7.86241943,-2.376819975,-11.94972346,5.051355673,-6.912076009,-11.58974831,6.645200726,-13.5420956,0.888247919,-12.62331605,1.002755196,-12.43227914,-23.24159715,-8.495298938,3.453942555,0.645974322,2.557943956,0.926277883,0.03279494,0.638072586,0.361887214,0.44457652,1.101923148,0.205958013,1.52
129983.0,2.180772939,-1.841467475,0.067614308,-1.57361504,-1.954220643,0.236662884,-2.078447509,0.164407984,-0.406160591,1.473526829,-1.400483581,-0.938236869,0.696232469,-1.032865309,0.575977496,0.288238444,0.016384897,0.819837379,-0.472542599,-0.304043844,0.06194384,0.622201143,0.241991305,0.463394894,-0.489046144,-0.11187862,0.068625351,-0.015705668,50.0
41505.0,-16.52650657,8.584971796,-18.64985319,9.505593515,-13.79381853,-2.832404299,-16.7016943,7.517343904,-8.507058637,-14.11018444,5.29923635,-10.83400648,1.671120253,-9.373858584,0.360805642,-9.899246541,-19.23629237,-8.398551995,3.101735369,-1.514923435,1.190738695,-1.127670009,-2.35857877,0.673461329,-1.413699675,-0.462762361,-2.018575249,-1.04280417,364.19
158638.0,-5.976119323,-7.196979631,-5.388315911,5.104798647,4.676532867,-5.56687006,-4.291180422,0.87653056,-1.075478087,-3.272569174,1.168215943,-2.134731971,1.12831322,-4.56600986,-0.126950407,-2.826985512,-2.865749701,-0.912934238,0.421144083,3.136338132,1.459369058,-0.136261687,0.848177174,-0.26991638,-1.095059604,-0.710905242,0.565846302,-1.034107187,296.0
76628.0,-0.466142067,0.729215305,2.557005877,1.597629511,-0.628207603,0.207327684,0.291004529,-0.081705428,0.243615839,0.06508358,-0.915297947,-0.778670436,-1.218347202,-0.26767416,1.022809419,-0.877212252,0.436643949,0.493502015,1.634720818,0.139825218,0.100362011,0.628185576,-0.403654048,0.413202163,0.273642663,0.032053194,-0.149748489,-0.138259033,30.39
169142.0,-1.927883321,1.125652664,-4.518330641,1.749292533,-1.566487292,-2.010494231,-0.882849831,0.697211109,-2.064945287,-5.587793782,2.115795177,-5.417424082,-1.235122631,-6.665176895,0.401700687,-2.897825117,-4.570529434,-1.315147214,0.391167041,1.252966735,0.778583979,-0.319188819,0.639418961,-0.29488504,0.537502536,0.788395057,0.292679966,0.147967929,390.0
81853.0,1.30179753,-1.170032243,-0.244465729,-1.515674575,-0.87000233,-0.295976111,-0.535384561,-0.100750308,-2.441687417,1.536297625,1.249755153,-0.142037101,0.392930428,0.175151618,-0.118222085,-0.646322427,0.562520741,-0.394186552,0.057341937,-0.157470295,-0.390949842,-0.998559381,0.046559888,-0.351427029,0.247605867,-0.427378434,-0.002259367,0.015141432,108.22
41413.0,-15.14044962,7.378042412,-16.35636736,9.194934914,-13.46616329,-2.958430501,-16.16553862,10.07525395,-7.901821126,-13.00940281,4.828235332,-11.05840142,1.998125576,-8.592047402,0.540385309,-10.6157453,-21.01789834,-8.397393052,3.18355895,-1.691481988,3.147428105,0.341677595,-1.150162471,0.795189735,-0.194542181,0.145963569,-2.458680348,-1.189887881,106.55
28658.0,-28.52426759,15.87692299,-29.46873209,6.447591402,-20.78600004,-4.865613418,-19.50108408,18.74887195,-3.642989819,-7.939642419,4.184673689,-5.835075215,1.215959645,-5.330143782,-0.118631138,-5.367775276,-11.43175691,-4.696924444,0.692688412,1.706889062,1.805769784,-2.119376168,-1.317449622,0.16984563,2.051687335,-0.210502,1.301733965,0.380246181,99.99
91075.0,-1.855060702,1.554963607,-1.405808829,0.669327346,-0.28022952,1.178652467,-3.459979066,-2.815154953,1.242228765,-4.15635448,2.209440752,-5.122314109,0.661297106,-3.10393772,-2.410869732,-2.425015632,-3.960622689,-0.125017788,0.600397288,0.536916458,-0.095308307,0.946628918,-0.297402959,-0.368343891,0.198731156,-0.078590592,0.366709356,0.073766717,38.76
71033.0,-3.170818415,0.185734555,-3.399851579,3.76115529,-2.148047028,-1.598944425,-2.519565318,1.316215011,-2.400106116,-4.993417038,4.447191766,-5.293760103,-1.419578299,-6.425276214,0.914083034,-3.515197166,-6.347453308,-0.903512166,1.191606268,1.932253725,1.092051134,-0.041080429,0.904395218,0.180015602,0.04997034,-0.257099838,0.859281566,0.225924186,426.4
46057.0,-1.309441346,1.786494949,-1.37107024,1.214335492,-0.336642222,-1.390119865,-1.709109107,0.66774759,-1.6998088,-3.84391104,2.962598791,-3.956045201,-1.539231919,-4.634631393,-0.248403491,-2.058551384,-5.635494004,-0.775271204,-0.239309654,0.253464129,0.533521286,-0.022179953,-0.299555851,-0.226416167,0.364360461,-0.475101785,0.571426304,0.293425837,1.0
155662.0,-1.928613267,4.601505587,-7.124052978,5.716088037,1.026578545,-3.189073067,-2.261896902,1.185096356,-4.441941615,-6.64615383,3.827868091,-6.518648822,0.251136548,-12.45670595,-0.649166482,-1.283145,-2.718559725,-0.085466089,-2.097385471,0.328795983,0.602290585,-0.541287465,-0.354639279,-0.701492058,-0.030972982,0.034069878,0.573393032,0.294686316,0.77
68202.0,-1.127899702,0.749964399,1.599892675,-0.556755953,1.520932427,-1.557634129,1.484840004,-0.506063037,-0.84407402,-0.809160421,-0.395996221,0.50552996,0.938953829,-0.073016584,-0.570514098,0.166656881,-1.06708296,-0.557371347,-1.753514295,0.005960723,0.05107043,0.129122269,-0.454151925,0.414807626,1.027686367,-0.571980454,-0.195311825,-0.167534795,0.89
12093.0,-4.696795224,2.693867479,-4.475132713,5.467684549,-1.556758075,-1.549420289,-4.104214873,0.553934075,-1.498468131,-4.594951763,5.275505851,-11.34902855,0.374549235,-8.138694884,0.548570894,-6.653594347,-10.24675541,-4.191066267,0.991486122,-0.158970549,0.573898081,-0.080162775,0.318407817,-0.245862203,0.338238432,0.032270621,-1.508457934,0.608074683,0.0
128733.0,-0.895189392,1.491243858,-0.54894956,-0.542847345,-0.27344306,-1.25894995,0.294428904,0.654136747,-0.190774633,-0.553083641,-1.189051382,0.477199942,0.144252865,0.674635658,-0.464577731,0.130571936,-0.07803391,-0.691378128,-0.128639607,-0.12053153,-0.203556089,-0.618293348,0.183749271,0.035341389,-0.392345449,0.146446895,0.106535174,0.02314224,9.99
406.0,-2.312226542,1.951992011,-1.609850732,3.997905588,-0.522187865,-1.426545319,-2.537387306,1.391657248,-2.770089277,-2.772272145,3.202033207,-2.899907388,-0.595221881,-4.289253782,0.38972412,-1.14074718,-2.830055675,-0.016822468,0.416955705,0.126910559,0.517232371,-0.035049369,-0.465211076,0.320198199,0.044519167,0.177839798,0.261145003,-0.143275875,0.0
122270.0,1.865102171,0.394507892,-0.64293606,3.722321415,0.556803311,0.676408485,-0.043561662,0.161355132,-0.892785405,1.536714453,0.240587576,0.502725703,-0.303599735,0.203993453,-2.129388993,0.608733192,-0.709087944,-0.080043186,-1.124787845,-0.281327902,0.128658145,0.478911377,0.11586679,0.696584469,0.098787261,0.047298813,-0.03293183,-0.054088407,7.56
100409.0,-0.342387451,-0.196129325,1.201253944,-1.327419378,-0.741833386,-0.570305858,-0.574234818,-0.228333123,0.958406531,0.249668796,0.178576865,-3.338907859,2.052729923,0.782320403,0.078996146,1.394803626,0.590052546,-0.560052274,0.258708199,-0.165678264,0.286211748,1.048439217,0.12862283,-0.054182445,-1.689067103,-0.481259378,-0.063310248,0.324557559,49.83
37314.0,1.438450055,-1.108186421,0.765152067,-1.183353827,-2.056694744,-1.345163624,-1.044207838,-0.147907443,-1.590913263,1.462229799,-0.242669655,-1.629023452,-1.438036516,0.09333244,0.825664621,-0.336101213,0.772680945,-0.183291288,-0.348117725,-0.429630677,-0.430672601,-1.031935694,0.286432653,0.798954713,-0.021241289,-0.508494428,0.021043148,0.032514582,30.0
90434.0,1.848432559,0.373363986,0.269271959,3.866437942,0.088061953,0.970447128,-0.721945224,0.235983235,0.68349097,1.166334905,1.297531263,-1.920965572,1.885046882,1.323225349,-2.044481898,1.317655046,-0.441075928,0.804104385,-1.658338557,-0.282777066,0.103562657,0.620953629,0.197076839,0.692392364,-0.206530111,-0.021327853,-0.019822803,-0.042681832,0.0
46149.0,-1.346508818,2.132430627,-1.854355318,2.116997706,-1.070378379,-1.092671357,-2.230986064,1.036424908,-1.895515736,-3.36401058,2.887047877,-3.784459658,-1.288904258,-3.985626008,0.531838298,-2.60370265,-5.157596397,-0.696010005,1.285961395,0.221918669,0.609508182,0.202874285,-0.060791387,-0.186733353,-0.017401227,-0.283751034,0.395451049,0.233138576,1.0
82450.0,1.31453919,0.590642763,-0.666593421,0.71656434,0.30197787,-1.125467465,0.388880528,-0.288389638,-0.132137451,-0.597738928,-0.32534664,-0.216435376,0.08420408,-1.054630562,0.967932033,0.601226266,0.631116638,0.295077968,-0.136150702,-0.058040405,-0.170307279,-0.429655035,-0.141340683,-0.200194626,0.639491494,0.399475692,-0.034321009,0.031692413,0.76
52222.0,-0.820158952,1.533816291,0.348268002,0.959055982,-0.80373382,-0.505717647,0.229738804,0.679652914,-1.253652697,-0.389423442,1.289733372,1.546780398,1.1304301,0.893261231,0.122459578,0.071823341,-0.126968708,0.452459395,0.539769827,-0.189845269,0.304264779,0.649766551,0.037322824,0.576146694,-0.134947963,-0.370888271,-0.273767722,-0.104778521,70.65
8528.0,0.447395553,2.481953866,-5.660813931,4.455922812,-2.443779754,-2.185040262,-4.716142945,1.249803252,-0.718326067,-5.390330256,6.454187525,-8.485346574,0.635281409,-7.019901559,0.539814071,-4.649864299,-6.288357509,-1.339312322,2.262984788,0.549612971,0.75605255,0.140167769,0.665411101,0.131463792,-1.908217412,0.334807599,0.748534285,0.175413794,1.0
42510.0,1.270318188,-0.873262788,1.03750282,-0.378283367,-1.535752037,-0.255721184,-1.097558637,0.120012872,-0.015830162,0.44400375,-0.293174631,-0.561453806,-0.623047023,-0.546323041,0.095504096,0.489286096,0.968786835,-1.707620368,0.17594494,0.001088423,0.320428115,1.036132561,-0.08369459,0.446796865,0.452014238,0.007112484,0.051232295,0.020013514,24.09
154024.0,-0.348468109,1.071707668,-1.986569717,-1.599706237,2.915072469,3.16960515,0.186222265,1.140047146,0.009331191,-0.504684543,0.102230271,-0.078551022,-0.397615052,-0.714486403,0.16144446,0.232884607,0.40860376,-0.381299381,-0.430174021,0.134521351,-0.374741762,-0.913435934,0.13454612,0.588328457,-0.37564091,0.14272066,0.062757918,-0.155083248,1.98
70704.0,-0.84029815,1.156162567,0.093707656,1.102563088,-1.255247478,-0.103896153,1.714668444,0.034868331,-0.551836245,-0.368536624,-0.828506994,0.288159834,0.312225801,0.380933451,0.044284011,-0.592542769,0.211946961,-0.144673369,0.619915296,0.033609775,0.124033545,0.559284846,0.139675623,0.416876926,-0.301300866,-0.332193658,0.310780502,0.125637529,283.91
155516.0,1.911464806,0.450069801,-0.574954592,3.920565971,0.291036723,-0.052380389,0.136529322,-0.100839938,-0.615584445,1.380776458,-1.636711187,-0.192535229,-0.151347466,-0.003643145,-1.513406365,0.491836859,-0.556340919,-0.472008786,-1.290600978,-0.300017038,0.068425386,0.370268775,0.060277822,-0.115442315,0.148695504,0.104013173,-0.027900347,-0.051377352,11.37
41991.0,-4.566341567,3.35345148,-4.572027808,3.616119304,-2.493138109,-1.089999713,-5.55143307,0.447783084,-2.424414026,-5.699922283,3.586824183,-6.636229049,-1.128176444,-7.245549595,0.638325536,-6.856810039,-8.851878505,-4.591883227,0.936939859,-0.249127727,2.674465879,-0.02087998,-0.302447084,-0.0863964,-0.51605978,-0.295102234,0.195985146,0.141115103,1.0
111675.0,-1.210475586,-1.186077383,1.115949404,-0.202103251,0.234418371,-1.014536762,0.33838465,0.080020568,0.533067913,-0.973965853,-1.116694628,-0.4052574,-0.846176821,0.166103373,0.747668886,0.459407023,-0.718979812,0.280403573,-0.406154217,0.537181812,0.089917462,-0.479130121,0.692103849,-0.132879982,-0.075115067,-0.610494666,-0.090292023,0.029432421,219.0
27252.0,-25.94243445,14.60199804,-27.36865029,6.378394608,-19.1040334,-4.684806204,-18.26139293,17.05256631,-3.74260501,-8.23372137,4.664836254,-6.52566786,0.923758589,-6.325974612,-0.070223703,-5.838360219,-12.06169571,-4.773348514,0.852969608,1.66730429,1.784315984,-1.917759213,-1.235787439,0.161104732,1.820378041,-0.219359059,1.388785762,0.40680965,99.99
162190.0,2.064106824,-0.006300648,-2.839532307,0.094634762,1.184886335,-0.906391091,0.973284551,-0.453408046,-0.071572644,0.226887697,0.030662059,0.438634524,-0.51781908,1.126039875,-0.663427536,-0.596173011,-0.623084848,0.251130998,0.665916155,-0.171028905,0.309982799,0.975690705,-0.382643187,-0.971962597,0.883221697,0.164851177,-0.089830434,-0.098624957,50.2
31054.0,1.459008118,-1.144242868,0.673747838,-1.305257226,-1.850588686,-0.944948503,-1.130356596,-0.11386369,-1.557237677,1.439961822,-0.633875436,-1.4903316,-0.687534325,-0.132358786,0.890525045,-0.129225145,0.496687014,0.069235814,-0.238819402,-0.357990903,-0.369531448,-0.821023285,0.174704287,0.294864684,0.081689953,-0.408069013,0.031006766,0.030960369,35.0
155288.0,0.189727867,-3.389540139,-1.93483047,0.593070766,-0.310143575,2.111224241,0.396798176,0.383007572,0.827281898,-0.432787456,0.719322833,1.00699121,-0.282058407,0.380588898,0.147765322,-0.24114562,0.112277637,-1.204097022,-0.527651818,1.525508959,0.178944942,-1.305701928,-0.267148101,-0.932573051,-1.100856295,0.133896364,-0.172111115,0.084995705,888.61
142840.0,-3.613850455,-0.922135693,-4.749887364,3.373001328,-0.545207025,-1.171301063,-4.172314571,1.517015943,-1.775832681,-3.754053923,2.731575782,-3.489374647,1.547380089,-4.571267731,-0.517958569,-4.239086531,-9.25063451,-2.434827803,1.987386277,-0.320540973,0.786787019,0.893064859,1.034906567,0.09767108,-1.345551125,-0.788328913,1.055441975,0.099971403,144.8
53518.0,1.137589207,-0.61079377,1.011307552,0.726259158,-1.447219984,-0.558740024,-0.617176254,-0.09310321,-0.518615083,0.65476059,-0.582643057,0.287402358,0.531269218,-0.288475806,0.26264743,-1.550456827,0.041005682,1.292101963,-1.261521282,-0.391846514,-0.175431491,-0.008172727,-0.077196246,0.715494625,0.466138469,-0.251454515,0.067139858,0.050462405,79.0
18895.0,1.24533659,-0.273575908,0.683713454,-0.766522858,-0.472246047,0.190399197,-0.682181603,0.020846197,3.017578572,-1.525662152,0.140249923,-1.459140236,2.661747447,1.080697544,0.745962928,-0.562578635,0.508369384,0.172654155,0.300443135,-0.09220824,-0.172926799,0.05988656,-0.119483106,-0.790592369,0.543437384,-0.647129812,0.086450472,0.020731826,11.85
56703.0,1.197048274,-0.516516872,0.445304982,-0.260483755,-0.645503946,0.126350852,-0.509841837,0.080491812,-1.262008047,0.817987332,1.254330444,0.97009522,0.980227335,0.184030206,0.454508822,-1.150450073,-0.300066524,0.906310411,-0.838663477,-0.371207559,-0.57287279,-1.296547303,0.188383281,-0.340980841,-0.040320349,0.058674681,0.006745386,0.020307553,56.19
85120.0,1.231726574,0.31078254,0.080446394,1.140199555,-0.242848854,-1.100908894,0.32453378,-0.230296275,0.028405302,0.048424898,-0.563229998,-0.367683922,-1.114479508,0.692141702,0.896058917,-0.030175422,-0.295085237,-0.171427671,-0.279415529,-0.194687655,-0.03450019,-0.134093701,-0.091913547,0.352602905,0.686941215,-0.355456981,-0.005839912,0.016490242,16.3
7740.0,1.023873869,2.001485266,-4.769751832,3.819194585,-1.271754227,-1.734662427,-3.059245032,0.889804792,0.415382113,-3.955812344,3.572054816,-7.186451591,0.147242341,-5.249304549,1.678333674,-2.641473109,-1.31205856,-0.391716051,1.118263552,0.204137684,0.343282649,-0.054195664,0.709653952,-0.372215867,-2.032068366,0.366777602,0.395170669,0.020205539,1.0
93853.0,-5.839191619,7.151532354,-12.81676008,7.031114765,-9.651272168,-2.938427258,-11.54320717,4.843626532,-3.494275725,-13.32078887,8.460244449,-17.00328945,0.101556615,-14.09445166,0.747030766,-12.66169572,-18.91249382,-6.626974845,4.008920742,0.055683881,2.462055911,1.054865184,0.530480596,0.472669814,-0.275997968,0.282435025,0.10488602,0.254417097,316.06
21662.0,-18.01856119,10.55860019,-24.66774125,11.78618036,-10.56465657,-2.645681199,-18.02346767,2.693655403,-6.219463628,-12.74476079,9.318137685,-13.37785743,1.021923868,-12.78434589,-0.451145843,-7.551364931,-11.32599687,-4.701252777,0.516317073,1.007703205,-2.319479462,0.908838783,1.352903707,-1.059222338,0.185750942,0.687037384,2.078080584,-1.429517023,1.0
55125.0,-0.391128407,-0.245539891,1.122074297,-1.308725198,-0.63989114,0.008678049,-0.701303619,-0.027315218,-2.628853982,2.051311931,0.57586644,-0.594036626,1.09788035,-0.338340144,0.617523289,-0.756389943,0.53514072,1.016703754,2.133828306,0.065715845,-0.133485329,0.117403427,-0.191747896,-0.488642102,-0.309773632,0.008100441,0.16371613,0.239582023,15.0
58222.0,-1.322789063,1.552768211,-2.276920704,2.992117391,-1.94706392,-0.48028825,-1.362387523,0.953242227,-2.32962886,-3.393553481,3.128439692,-3.570393731,-0.595198191,-3.988415055,0.995905842,-2.843784559,-4.826246116,-0.703883465,2.152214558,0.988493487,0.614968997,-0.195199717,0.590711262,-0.233377664,-0.164285287,-0.277497871,0.428610085,0.246393746,270.0
85285.0,-7.030308144,3.421990905,-9.525071773,5.270891009,-4.024630276,-2.865681618,-6.989194734,3.791550938,-4.622730336,-8.409664876,6.309044006,-8.576761433,0.246746717,-11.53404602,-0.364265139,-5.452494658,-11.88757002,-3.56358481,0.876018768,0.545698041,1.103397745,-0.541854752,0.036943222,-0.355519004,0.353634382,1.042457993,1.359515632,-0.272188101,0.0
167338.0,-1.374424388,2.793184611,-4.346572055,2.40073142,-1.688432714,0.111136093,-0.922037621,-2.149929975,-2.027473756,-4.390841922,1.241958176,-3.9105215,-1.225636299,-4.697996871,0.676108304,-2.077065542,-2.683520898,-0.525949333,0.422342445,0.650195856,-0.870778522,0.50484916,0.137994269,0.368274569,0.103136655,-0.414208828,0.454981585,0.096710964,349.08
123701.0,-2.109310025,2.116421101,0.589708998,-1.846148608,1.07713631,0.305641783,1.419605481,-1.051196757,3.064977841,3.195637946,1.581392383,0.07441009,0.033664149,-3.400887921,0.164625241,0.144287061,-0.79399539,0.606395087,-0.167864163,1.559939844,-0.781345763,-0.585637195,-0.220381092,0.051720413,0.049789227,-0.516884464,-0.870189281,-1.263366586,0.77
66883.0,1.217724275,-0.627781182,1.194283318,0.605758479,-1.290520665,0.380356513,-1.09442609,0.269765577,-0.397719452,0.839999178,0.295282277,0.514006735,-0.125895722,-0.25158256,-0.641571925,-1.070177267,-0.353112664,1.931304838,-0.612779712,-0.524200569,-0.393476783,-0.544247242,0.021442844,-0.060520983,0.293121982,-0.387737532,0.087867776,0.030624215,21.1
145557.0,-3.021869747,-0.833332492,-1.394800855,-0.336336181,0.431524108,-1.29571002,0.123993235,0.494168311,-0.345861753,-0.181469286,0.292179809,0.872068238,0.314264866,1.014246191,-0.379769492,0.775961763,-0.703100207,0.478771293,-0.053388535,-0.65265439,0.196372292,0.88479666,-1.237717091,-0.121138872,-0.702631365,0.66777863,0.821542533,-0.624247179,216.59
154199.0,2.256732177,-0.588982045,-1.573964528,-1.065945507,-0.083182818,-0.809650381,-0.263420904,-0.405068036,-0.750912135,0.828944406,-0.661934625,0.033984979,1.774912558,-0.302225301,0.227889123,0.927619541,-0.073234849,-1.350951555,0.540861408,0.104436413,0.424606812,1.282571742,-0.034517569,0.574734447,0.314461635,0.046390804,-0.034778785,-0.058251678,15.0
61972.0,-0.303047772,1.296828471,0.721236873,0.997836575,-0.18184941,-0.78563764,0.527266599,0.164393881,-0.944826616,-0.428849098,-0.372304501,0.914325395,1.683155264,0.311508881,0.807028048,-0.219357993,-0.132076288,-0.068081457,0.327218465,0.001587532,0.202527354,0.549480526,-0.03281505,0.437121204,-0.073163885,-0.333821188,-0.039586443,-0.013499838,27.22
93904.0,-11.32063311,7.191950143,-13.17908255,9.099551882,-10.09474888,-2.44011507,-14.1843373,4.452502934,-6.241960003,-12.61816269,6.057319305,-15.71760665,0.11781741,-8.653743357,-2.502553776,-11.23136445,-21.58515214,-9.090892061,1.171188733,-0.180934725,1.082235328,-0.3505625,0.483043946,0.661132921,-0.396521512,-0.413315388,-0.997547798,-0.235035883,37.93
42330.0,-0.897612392,-0.639782875,1.718046042,-1.64055556,0.04252636,-0.738403909,-0.33116564,0.123864498,-1.415013208,0.190985618,0.63813963,0.283347753,0.43079378,-0.028923282,-0.264125751,-0.632465068,-0.757324385,1.793701653,-0.988949684,-0.223306551,-0.172235665,-0.349271805,0.096179639,0.023122489,-0.419010784,0.808462558,0.016010187,0.124318058,35.9
36081.0,1.306817095,-0.54189837,0.166025673,-0.632248303,-0.698126565,-0.418271478,-0.424042078,-0.036890674,-1.062217475,0.697322046,1.640254753,0.444013709,0.038401033,0.005155536,-0.714247592,0.361305823,0.714338358,-1.703994014,0.664380155,0.047930123,0.250819484,0.764576641,-0.132647862,0.281171928,0.660827022,-0.06686187,0.003070727,-0.005664944,20.0
150139.0,-6.682831916,-2.714268045,-5.774530457,1.449792375,-0.661836408,-1.14864974,0.849686456,0.433427022,-1.315646389,-2.796331539,-0.448793726,-2.562602408,0.243482527,-1.181669391,0.004372872,-2.30259569,-4.446191869,-1.710463148,0.982728633,-1.928527193,0.220526295,1.187013204,0.335820817,0.215682964,0.803109992,0.044033342,-0.054987628,0.082337093,237.26
114003.0,-1.278865256,0.566725431,0.543100785,-1.233634294,1.961077383,-0.452520723,0.877219493,-0.042497634,-0.171001968,-0.731454565,0.340595004,-0.657633633,-1.698068487,-0.778338615,-0.795488539,0.801151598,-0.18439638,0.57425726,-0.004792414,-0.040671358,-0.47768539,-1.246968282,-0.499126387,-0.033510936,0.60118272,0.210584058,-0.037740948,-0.149132535,7.99
50554.0,-0.798671774,1.185092908,0.904547185,0.694583749,0.219040575,-0.319295358,0.495236344,0.1392686,-0.760213609,0.170546812,0.821998442,0.468321767,-0.057550286,0.573006315,0.358687758,-0.011632706,-0.504569916,0.722749576,0.861540919,-0.081298289,0.202287281,0.578699296,-0.092245021,0.013722852,-0.246466056,-0.380057167,-0.396030194,-0.112900666,4.18
